经典大扫雷,益智类,2023-07-30
解数学题,益智类,2023-07-30
逃离盛开的花园,益智类,2023-07-30
热带雨林大逃亡,益智类,2023-07-30
美洲驼逃脱,益智类,2023-07-30
寻找天使的翅膀,益智类,2023-07-30
万圣节城镇房间,益智类,2023-07-30
木墙房间逃脱,益智类,2023-07-30
超级红蓝棋,益智类,2023-07-30
救援海滨奶奶,益智类,2023-07-30
救援彩色公鸡,益智类,2023-07-29
逃离峡谷度假村,益智类,2023-07-29
萌熊逃脱,益智类,2023-07-29
救援快乐的狼,益智类,2023-07-29
救援拳击男孩,益智类,2023-07-29
炮弹打方块,射击类,2023-07-29
冰霜之旅,益智类,2023-07-29
空心电影院,益智类,2023-07-29
良好的投资,益智类,2023-07-29
小丑逃离舞会,益智类,2023-07-29
救援奇妙的女孩,益智类,2023-07-29
古代武士大逃脱,益智类,2023-07-29
头顶排球挑战,敏捷篇,2023-07-29
摇滚男孩逃脱,益智类,2023-07-29
梦道,策略类,2023-07-28
喷气背包骑手挑战,敏捷篇,2023-07-28
寻找乡村大门钥匙,益智类,2023-07-28
救出女科学家,益智类,2023-07-28
逗小猴开心系列786,益智类,2023-07-28
夜晚的城堡,益智类,2023-07-28
深海之旅,益智类,2023-07-28
精灵通道,益智类,2023-07-28
寻找精灵灯,益智类,2023-07-28
极限滑雪,敏捷篇,2023-07-28
月球基地逃生,益智类,2023-07-28
兴奋的猫头鹰逃跑,益智类,2023-07-28
寻找美味蛋糕,益智类,2023-07-28
压抑的房屋逃离,益智类,2023-07-28
逃离旧邮局房间,益智类,2023-07-28
英雄来当家,模拟经营,2023-07-27
逃离摄影工作室,益智类,2023-07-27
逃离简易房屋111,益智类,2023-07-27
救援纳吉尼,益智类,2023-07-27
兴奋的松鼠逃脱,益智类,2023-07-27
救援滑冰男孩,益智类,2023-07-27
救援水貂,益智类,2023-07-27
救援宠物蜻蜓,益智类,2023-07-27
可爱的红袋鼠逃脱,益智类,2023-07-27
逗小猴开心系列785,益智类,2023-07-27
学术的追求,益智类,2023-07-27
逃出简奢的房子,益智类,2023-07-27
古代珍宝,益智类,2023-07-27
上尉学徒,益智类,2023-07-27
找回失踪的男孩,益智类,2023-07-27
机器狗逃脱,益智类,2023-07-27
暴击僵尸,射击类,2023-07-26
切水果大师,敏捷篇,2023-07-26
全民学霸,模拟经营,2023-07-26
极限赛车,体育类,2023-07-26
甜美姑娘逃脱,益智类,2023-07-26
越野自行车挑战,体育类,2023-07-26
上班族男孩逃脱,益智类,2023-07-26
彩色按钮机关,益智类,2023-07-26
帮助迷失的小马,益智类,2023-07-26
逃离黄色庄园,益智类,2023-07-26
森林战士H5,冒险类,2023-07-26
巨型动物森林逃脱,益智类,2023-07-26
消除喵喵,益智类,2023-07-26
救援吠叫的狗,益智类,2023-07-26
救援时尚女性,益智类,2023-07-26
青蛙逃离花园,益智类,2023-07-26
救援猴子一家,益智类,2023-07-26
解救被困姑娘,益智类,2023-07-26
救援僵尸感染者,益智类,2023-07-26
逗小猴开心系列784,益智类,2023-07-26
一场骗局,益智类,2023-07-26
4399全民格斗争霸,动作类,2023-07-26
不正当的行为,益智类,2023-07-25
书虫的愿望清单,益智类,2023-07-25
昏暗儿童房逃生117,益智类,2023-07-25
情侣蝴蝶逃脱,益智类,2023-07-25
飞跃抓水果,敏捷篇,2023-07-25
船长的朗姆酒,益智类,2023-07-25
幻想岛人鱼逃脱,益智类,2023-07-25
可爱狐狸逃脱,益智类,2023-07-25
来杯咖啡,益智类,2023-07-25
动物方块拼图,益智类,2023-07-25
逃离烧烤派对,益智类,2023-07-25
寻找丢失的车钥匙,益智类,2023-07-25
营救红猫,益智类,2023-07-25
荒岛探险家,冒险类,2023-07-25
寻找迷失的小鸟,益智类,2023-07-25
逃离紧闭的家门,益智类,2023-07-25
逃离简易房屋110,益智类,2023-07-25
逃离旧车间逃生通道,益智类,2023-07-25
寻找动物急救包,益智类,2023-07-25
怪物收割者,敏捷篇,2023-07-25
3D直升机空战,体育类,2023-07-24
救出长颈鹿,益智类,2023-07-24
救援小黑猴,益智类,2023-07-24
逗小猴开心系列783,益智类,2023-07-24
火柴人暑假大作战,射击类,2023-07-24
健身房探索,益智类,2023-07-24
岛上逃生,益智类,2023-07-24
午夜之谜,益智类,2023-07-24
寻找女厨师,益智类,2023-07-24
逃离简易房屋109,益智类,2023-07-24
救援玛莎奶奶,益智类,2023-07-23
逃离昆虫丛林,益智类,2023-07-23
逃离神秘水洞,益智类,2023-07-23
迷你摩托车世界,敏捷篇,2023-07-23
暗黑的世界,冒险类,2023-07-23
色彩拼盘,益智类,2023-07-23
马桶怪物,射击类,2023-07-23
逃离无人的后院,益智类,2023-07-22
星际坦克大战,射击类,2023-07-22
逃离汉堡世界,益智类,2023-07-22
可爱的面具怪逃脱,益智类,2023-07-22
驾车灭僵尸,敏捷篇,2023-07-22
救援护卫鸟,益智类,2023-07-22
拯救长颈鹿幼崽,益智类,2023-07-22
寻找松鼠的王冠,益智类,2023-07-22
郊区土地逃脱,益智类,2023-07-22
救援刀嘴海雀,益智类,2023-07-22
血之歌,冒险类,2023-07-21
寻找捕鱼网,益智类,2023-07-21
帮奶奶寻孙子,益智类,2023-07-21
逃离孤独的房屋,益智类,2023-07-21
逃出紧闭的办公室,益智类,2023-07-21
可爱猫2048,益智类,2023-07-21
滑动消除,益智类,2023-07-21
像素青蛙冒险,冒险类,2023-07-21
寻找丢失的钱袋,益智类,2023-07-21
13楼逃生通道,益智类,2023-07-21
4399枪魂,射击类,2023-07-21
逃出废弃的监狱,益智类,2023-07-21
权力的游戏凛冬将至,策略类,2023-07-21
机器人乐队,休闲类,2023-07-20
昏暗儿童房逃生110,益智类,2023-07-20
受困的金刚鹦鹉,益智类,2023-07-20
进化的史莱姆,敏捷篇,2023-07-20
彩色宝石拼接消除,益智类,2023-07-20
救援丛林蜥蜴,益智类,2023-07-20
星星向上跳跃,敏捷篇,2023-07-20
篮球进框挑战,敏捷篇,2023-07-20
找了个茬,益智类,2023-07-20
救出虎皮鹦鹉,益智类,2023-07-20
救援小袋獾,益智类,2023-07-20
救援嗜睡的鸭子,益智类,2023-07-20
秘密之屋逃脱,益智类,2023-07-20
冬季伯恩旅馆逃脱,益智类,2023-07-20
营救可怜的小鸡,益智类,2023-07-20
蛇蛇武装队,休闲类,2023-07-20
时尚姑娘大逃脱,益智类,2023-07-20
中世纪城堡大逃离,益智类,2023-07-20
蓝色螃蟹大逃脱,益智类,2023-07-20
营救叉角羚,益智类,2023-07-20
拯救精灵蜜蜂,益智类,2023-07-20
寻找奶牛茉莉,益智类,2023-07-20
战士大黄蜂逃跑,益智类,2023-07-20
树人怪逃脱,益智类,2023-07-20
一线连到底,益智类,2023-07-20
水上公园大逃脱,益智类,2023-07-20
林场房屋逃脱,益智类,2023-07-20
寻找毕业证书,益智类,2023-07-20
九宫格方块消除,益智类,2023-07-20
数学题排序,益智类,2023-07-20
逃离新屋,益智类,2023-07-20
救援小榴莲,益智类,2023-07-20
保护皇冠,益智类,2023-07-20
超级史蒂夫冒险,冒险类,2023-07-20
地牢猎人,冒险类,2023-07-20
逃离奇怪乡村小屋,益智类,2023-07-19
游戏制作机,冒险类,2023-07-19
幽灵吞噬,敏捷篇,2023-07-19
英语单词水果篇章,益智类,2023-07-19
偷袭武士H5,益智类,2023-07-19
4399魔龙之戒,综合类,2023-07-19
晶亮果冻对对碰,益智类,2023-07-19
拯救无辜的蜜蜂,益智类,2023-07-19
时尚海龟逃脱,益智类,2023-07-19
带冠企鹅逃脱,益智类,2023-07-19
救援时尚青年,益智类,2023-07-19
货柜爱整理,益智类,2023-07-19
科技房屋逃脱,益智类,2023-07-19
吃冰淇淋的男孩,益智类,2023-07-19
音乐仓库逃脱,益智类,2023-07-19
救出小刺猬,益智类,2023-07-19
救出小兔子,益智类,2023-07-19
超级贪吃蛇大作战,敏捷篇,2023-07-19
文字之谜,益智类,2023-07-19
幻想之地男孩逃脱,益智类,2023-07-19
几何砖块拼接,益智类,2023-07-19
救出聪明的男孩,益智类,2023-07-19
逃离梦幻岛,益智类,2023-07-19
伟大的自由之旅,益智类,2023-07-18
物品消消乐,益智类,2023-07-18
消灭船只入侵者,射击类,2023-07-18
逃离简易房屋108,益智类,2023-07-18
灵敏的蛇,敏捷篇,2023-07-18
植物大战字母,策略类,2023-07-18
五彩长裙,敏捷篇,2023-07-18
救援获胜的熊,益智类,2023-07-18
秋季后院逃脱,益智类,2023-07-18
救援站长,益智类,2023-07-18
逃出万圣节前夜,益智类,2023-07-18
鲜花地逃脱,益智类,2023-07-18
